any,estacio_3m,oni,mes,data,roni,fase_enso,oni_lag_1,roni_lag_1,oni_lag_3,roni_lag_3,oni_lag_6,roni_lag_6,nao,wemo,estacio,periode,fase_nao,fase_wemo
1981,DJF,-0.3,1,1981-01-01,0.0,Neutral,,,,,,,1.0,1.27,Winter,1981-1990,Positive,Positive
1981,JFM,-0.5,2,1981-02-01,-0.3,Neutral,-0.3,0.0,,,,,1.04,-0.18,Winter,1981-1990,Positive,Neutral
1981,FMA,-0.5,3,1981-03-01,-0.3,Neutral,-0.5,-0.3,,,,,0.01,0.48,Spring,1981-1990,Neutral,Neutral
1981,MAM,-0.4,4,1981-04-01,-0.3,Neutral,-0.5,-0.3,-0.3,0.0,,,-3.04,-1.36,Spring,1981-1990,Negative,Negative
1981,AMJ,-0.3,5,1981-05-01,-0.3,Neutral,-0.4,-0.3,-0.5,-0.3,,,0.05,1.69,Spring,1981-1990,Neutral,Positive
1981,MJJ,-0.3,6,1981-06-01,-0.3,Neutral,-0.3,-0.3,-0.5,-0.3,,,-1.57,-0.76,Summer,1981-1990,Negative,Negative
1981,JJA,-0.3,7,1981-07-01,-0.3,Neutral,-0.3,-0.3,-0.4,-0.3,-0.3,0.0,1.74,-0.09,Summer,1981-1990,Positive,Neutral
1981,JAS,-0.2,8,1981-08-01,-0.2,Neutral,-0.3,-0.3,-0.3,-0.3,-0.5,-0.3,1.01,-0.63,Summer,1981-1990,Positive,Negative
1981,ASO,-0.2,9,1981-09-01,-0.1,Neutral,-0.2,-0.2,-0.3,-0.3,-0.5,-0.3,0.27,1.27,Autumn,1981-1990,Neutral,Positive
1981,SON,-0.1,10,1981-10-01,-0.2,Neutral,-0.2,-0.1,-0.3,-0.3,-0.4,-0.3,-1.06,1.84,Autumn,1981-1990,Negative,Positive
1981,OND,-0.2,11,1981-11-01,-0.2,Neutral,-0.1,-0.2,-0.2,-0.2,-0.3,-0.3,1.66,0.27,Autumn,1981-1990,Positive,Neutral
1981,NDJ,-0.1,12,1981-12-01,0.0,Neutral,-0.2,-0.2,-0.2,-0.1,-0.3,-0.3,-2.2,2.48,Winter,1981-1990,Negative,Positive
1982,DJF,0.0,1,1982-01-01,0.1,Neutral,-0.1,0.0,-0.1,-0.2,-0.3,-0.3,-0.72,-0.23,Winter,1981-1990,Negative,Neutral
1982,JFM,0.1,2,1982-02-01,0.3,Neutral,0.0,0.1,-0.2,-0.2,-0.2,-0.2,2.25,-0.9,Winter,1981-1990,Positive,Negative
1982,FMA,0.2,3,1982-03-01,0.4,Neutral,0.1,0.3,-0.1,0.0,-0.2,-0.1,1.66,-0.07,Spring,1981-1990,Positive,Neutral
1982,MAM,0.5,4,1982-04-01,0.6,El Nino,0.2,0.4,0.0,0.1,-0.1,-0.2,-0.99,-1.48,Spring,1981-1990,Negative,Negative
1982,AMJ,0.7,5,1982-05-01,0.8,El Nino,0.5,0.6,0.1,0.3,-0.2,-0.2,1.1,0.04,Spring,1981-1990,Positive,Neutral
1982,MJJ,0.7,6,1982-06-01,0.8,El Nino,0.7,0.8,0.2,0.4,-0.1,0.0,-1.86,1.15,Summer,1981-1990,Negative,Positive
1982,JJA,0.8,7,1982-07-01,0.9,El Nino,0.7,0.8,0.5,0.6,0.0,0.1,-0.65,0.94,Summer,1981-1990,Negative,Positive
1982,JAS,1.1,8,1982-08-01,1.3,El Nino,0.8,0.9,0.7,0.8,0.1,0.3,1.45,-0.04,Summer,1981-1990,Positive,Neutral
1982,ASO,1.6,9,1982-09-01,1.8,El Nino,1.1,1.3,0.7,0.8,0.2,0.4,1.08,-0.05,Autumn,1981-1990,Positive,Neutral
1982,SON,2.0,10,1982-10-01,2.2,El Nino,1.6,1.8,0.8,0.9,0.5,0.6,0.32,1.53,Autumn,1981-1990,Neutral,Positive
1982,OND,2.2,11,1982-11-01,2.4,El Nino,2.0,2.2,1.1,1.3,0.7,0.8,1.71,-0.05,Autumn,1981-1990,Positive,Neutral
1982,NDJ,2.2,12,1982-12-01,2.5,El Nino,2.2,2.4,1.6,1.8,0.7,0.8,2.64,2.06,Winter,1981-1990,Positive,Positive
1983,DJF,2.2,1,1983-01-01,2.5,El Nino,2.2,2.5,2.0,2.2,0.8,0.9,4.82,0.96,Winter,1981-1990,Positive,Positive
1983,JFM,1.9,2,1983-02-01,2.2,El Nino,2.2,2.5,2.2,2.4,1.1,1.3,-1.25,-0.14,Winter,1981-1990,Negative,Neutral
1983,FMA,1.5,3,1983-03-01,1.7,El Nino,1.9,2.2,2.2,2.5,1.6,1.8,1.79,0.66,Spring,1981-1990,Positive,Positive
1983,MAM,1.3,4,1983-04-01,1.4,El Nino,1.5,1.7,2.2,2.5,2.0,2.2,-1.01,0.06,Spring,1981-1990,Negative,Neutral
1983,AMJ,1.1,5,1983-05-01,1.0,El Nino,1.3,1.4,1.9,2.2,2.2,2.4,-0.57,2.59,Spring,1981-1990,Negative,Positive
1983,MJJ,0.7,6,1983-06-01,0.6,El Nino,1.1,1.0,1.5,1.7,2.2,2.5,0.54,-0.77,Summer,1981-1990,Positive,Negative
1983,JJA,0.3,7,1983-07-01,0.1,Neutral,0.7,0.6,1.3,1.4,2.2,2.5,-0.75,0.5,Summer,1981-1990,Negative,Positive
1983,JAS,-0.1,8,1983-08-01,-0.2,Neutral,0.3,0.1,1.1,1.0,1.9,2.2,0.56,0.39,Summer,1981-1990,Positive,Neutral
1983,ASO,-0.5,9,1983-09-01,-0.6,La Nina,-0.1,-0.2,0.7,0.6,1.5,1.7,-0.65,0.45,Autumn,1981-1990,Negative,Neutral
1983,SON,-0.8,10,1983-10-01,-0.9,La Nina,-0.5,-0.6,0.3,0.1,1.3,1.4,2.06,0.78,Autumn,1981-1990,Positive,Positive
1983,OND,-1.0,11,1983-11-01,-1.1,La Nina,-0.8,-0.9,-0.1,-0.2,1.1,1.0,-2.28,-1.14,Autumn,1981-1990,Negative,Negative
1983,NDJ,-0.9,12,1983-12-01,-1.0,La Nina,-1.0,-1.1,-0.5,-0.6,0.7,0.6,0.83,0.08,Winter,1981-1990,Positive,Neutral
1984,DJF,-0.6,1,1984-01-01,-0.5,La Nina,-0.9,-1.0,-0.8,-0.9,0.3,0.1,2.53,1.72,Winter,1981-1990,Positive,Positive
1984,JFM,-0.4,2,1984-02-01,-0.3,Neutral,-0.6,-0.5,-1.0,-1.1,-0.1,-0.2,1.73,0.74,Winter,1981-1990,Positive,Positive
1984,FMA,-0.3,3,1984-03-01,-0.3,Neutral,-0.4,-0.3,-0.9,-1.0,-0.5,-0.6,-2.12,-0.27,Spring,1981-1990,Negative,Neutral
1984,MAM,-0.4,4,1984-04-01,-0.5,La Nina,-0.3,-0.3,-0.6,-0.5,-0.8,-0.9,0.33,-0.8,Spring,1981-1990,Neutral,Negative
1984,AMJ,-0.5,5,1984-05-01,-0.6,La Nina,-0.4,-0.5,-0.4,-0.3,-1.0,-1.1,-2.34,0.68,Spring,1981-1990,Negative,Positive
1984,MJJ,-0.4,6,1984-06-01,-0.4,Neutral,-0.5,-0.6,-0.3,-0.3,-0.9,-1.0,0.33,0.67,Summer,1981-1990,Neutral,Positive
1984,JJA,-0.3,7,1984-07-01,-0.2,Neutral,-0.4,-0.4,-0.4,-0.5,-0.6,-0.5,0.93,-1.13,Summer,1981-1990,Positive,Negative
1984,JAS,-0.2,8,1984-08-01,-0.1,Neutral,-0.3,-0.2,-0.5,-0.6,-0.4,-0.3,1.0,-1.07,Summer,1981-1990,Positive,Negative
1984,ASO,-0.2,9,1984-09-01,-0.1,Neutral,-0.2,-0.1,-0.4,-0.4,-0.3,-0.3,-1.31,1.64,Autumn,1981-1990,Negative,Positive
1984,SON,-0.6,10,1984-10-01,-0.5,La Nina,-0.2,-0.1,-0.3,-0.2,-0.4,-0.5,1.66,1.19,Autumn,1981-1990,Positive,Positive
1984,OND,-0.9,11,1984-11-01,-0.8,La Nina,-0.6,-0.5,-0.2,-0.1,-0.5,-0.6,-1.16,-0.99,Autumn,1981-1990,Negative,Negative
1984,NDJ,-1.1,12,1984-12-01,-1.0,La Nina,-0.9,-0.8,-0.2,-0.1,-0.4,-0.4,1.52,-0.36,Winter,1981-1990,Positive,Neutral
1985,DJF,-1.0,1,1985-01-01,-0.8,La Nina,-1.1,-1.0,-0.6,-0.5,-0.3,-0.2,-2.87,0.32,Winter,1981-1990,Negative,Neutral
1985,JFM,-0.8,2,1985-02-01,-0.6,La Nina,-1.0,-0.8,-0.9,-0.8,-0.2,-0.1,-0.24,-0.6,Winter,1981-1990,Neutral,Negative
1985,FMA,-0.8,3,1985-03-01,-0.6,La Nina,-0.8,-0.6,-1.1,-1.0,-0.2,-0.1,0.07,1.14,Spring,1981-1990,Neutral,Positive
1985,MAM,-0.8,4,1985-04-01,-0.7,La Nina,-0.8,-0.6,-1.0,-0.8,-0.6,-0.5,0.34,0.38,Spring,1981-1990,Neutral,Neutral
1985,AMJ,-0.8,5,1985-05-01,-0.7,La Nina,-0.8,-0.7,-0.8,-0.6,-0.9,-0.8,-2.13,-0.26,Spring,1981-1990,Negative,Neutral
1985,MJJ,-0.6,6,1985-06-01,-0.5,La Nina,-0.8,-0.7,-0.8,-0.6,-1.1,-1.0,-1.08,-0.67,Summer,1981-1990,Negative,Negative
1985,JJA,-0.5,7,1985-07-01,-0.4,Neutral,-0.6,-0.5,-0.8,-0.7,-1.0,-0.8,1.09,-3.04,Summer,1981-1990,Positive,Negative
1985,JAS,-0.5,8,1985-08-01,-0.3,Neutral,-0.5,-0.4,-0.8,-0.7,-0.8,-0.6,2.33,-0.48,Summer,1981-1990,Positive,Neutral
1985,ASO,-0.4,9,1985-09-01,-0.2,Neutral,-0.5,-0.3,-0.6,-0.5,-0.8,-0.6,0.0,-0.7,Autumn,1981-1990,Neutral,Negative
1985,SON,-0.3,10,1985-10-01,-0.2,Neutral,-0.4,-0.2,-0.5,-0.4,-0.8,-0.7,0.14,-0.91,Autumn,1981-1990,Neutral,Negative
1985,OND,-0.3,11,1985-11-01,-0.1,Neutral,-0.3,-0.2,-0.5,-0.3,-0.8,-0.7,-2.85,0.5,Autumn,1981-1990,Negative,Positive
1985,NDJ,-0.4,12,1985-12-01,-0.2,Neutral,-0.3,-0.1,-0.4,-0.2,-0.6,-0.5,-0.43,0.19,Winter,1981-1990,Neutral,Neutral
1986,DJF,-0.5,1,1986-01-01,-0.3,Neutral,-0.4,-0.2,-0.3,-0.2,-0.5,-0.4,1.46,2.1,Winter,1981-1990,Positive,Positive
1986,JFM,-0.5,2,1986-02-01,-0.3,Neutral,-0.5,-0.3,-0.3,-0.1,-0.5,-0.3,-4.02,-0.25,Winter,1981-1990,Negative,Neutral
1986,FMA,-0.3,3,1986-03-01,-0.2,Neutral,-0.5,-0.3,-0.4,-0.2,-0.4,-0.2,2.86,0.5,Spring,1981-1990,Positive,Positive
1986,MAM,-0.2,4,1986-04-01,-0.1,Neutral,-0.3,-0.2,-0.5,-0.3,-0.3,-0.2,-0.93,0.59,Spring,1981-1990,Negative,Positive
1986,AMJ,-0.1,5,1986-05-01,-0.1,Neutral,-0.2,-0.1,-0.5,-0.3,-0.3,-0.1,2.16,-0.97,Spring,1981-1990,Positive,Negative
1986,MJJ,0.0,6,1986-06-01,-0.1,Neutral,-0.1,-0.1,-0.3,-0.2,-0.4,-0.2,-1.29,-0.06,Summer,1981-1990,Negative,Neutral
1986,JJA,0.2,7,1986-07-01,0.3,Neutral,0.0,-0.1,-0.2,-0.1,-0.5,-0.3,0.88,-1.11,Summer,1981-1990,Positive,Negative
1986,JAS,0.4,8,1986-08-01,0.6,El Nino,0.2,0.3,-0.1,-0.1,-0.5,-0.3,-2.21,0.6,Summer,1981-1990,Negative,Positive
1986,ASO,0.7,9,1986-09-01,0.9,El Nino,0.4,0.6,0.0,-0.1,-0.3,-0.2,-1.34,-0.26,Autumn,1981-1990,Negative,Neutral
1986,SON,0.9,10,1986-10-01,1.2,El Nino,0.7,0.9,0.2,0.3,-0.2,-0.1,2.27,-0.23,Autumn,1981-1990,Positive,Neutral
1986,OND,1.1,11,1986-11-01,1.4,El Nino,0.9,1.2,0.4,0.6,-0.1,-0.1,3.41,-0.63,Autumn,1981-1990,Positive,Negative
1986,NDJ,1.2,12,1986-12-01,1.5,El Nino,1.1,1.4,0.7,0.9,0.0,-0.1,3.42,1.0,Winter,1981-1990,Positive,Positive
1987,DJF,1.2,1,1987-01-01,1.6,El Nino,1.2,1.5,0.9,1.2,0.2,0.3,-2.12,-0.34,Winter,1981-1990,Negative,Neutral
1987,JFM,1.2,2,1987-02-01,1.5,El Nino,1.2,1.6,1.1,1.4,0.4,0.6,-0.24,0.39,Winter,1981-1990,Neutral,Neutral
1987,FMA,1.1,3,1987-03-01,1.3,El Nino,1.2,1.5,1.2,1.5,0.7,0.9,0.29,0.18,Spring,1981-1990,Neutral,Neutral
1987,MAM,0.9,4,1987-04-01,1.0,El Nino,1.1,1.3,1.2,1.6,0.9,1.2,2.59,-1.12,Spring,1981-1990,Positive,Negative
1987,AMJ,1.0,5,1987-05-01,0.9,El Nino,0.9,1.0,1.2,1.5,1.1,1.4,-0.81,1.04,Spring,1981-1990,Negative,Positive
1987,MJJ,1.2,6,1987-06-01,1.1,El Nino,1.0,0.9,1.1,1.3,1.2,1.5,-0.58,0.37,Summer,1981-1990,Negative,Neutral
1987,JJA,1.5,7,1987-07-01,1.3,El Nino,1.2,1.1,0.9,1.0,1.2,1.6,-1.25,-2.28,Summer,1981-1990,Negative,Negative
1987,JAS,1.7,8,1987-08-01,1.6,El Nino,1.5,1.3,1.0,0.9,1.2,1.5,-2.99,-2.22,Summer,1981-1990,Negative,Negative
1987,ASO,1.6,9,1987-09-01,1.5,El Nino,1.7,1.6,1.2,1.1,1.1,1.3,1.27,-1.88,Autumn,1981-1990,Positive,Negative
1987,SON,1.5,10,1987-10-01,1.3,El Nino,1.6,1.5,1.5,1.3,0.9,1.0,-0.8,-1.13,Autumn,1981-1990,Negative,Negative
1987,OND,1.3,11,1987-11-01,1.0,El Nino,1.5,1.3,1.7,1.6,1.0,0.9,-0.67,0.34,Autumn,1981-1990,Negative,Neutral
1987,NDJ,1.1,12,1987-12-01,0.9,El Nino,1.3,1.0,1.6,1.5,1.2,1.1,-0.81,-0.93,Winter,1981-1990,Negative,Negative
1988,DJF,0.8,1,1988-01-01,0.7,El Nino,1.1,0.9,1.5,1.3,1.5,1.3,0.53,0.52,Winter,1981-1990,Positive,Positive
1988,JFM,0.5,2,1988-02-01,0.3,Neutral,0.8,0.7,1.3,1.0,1.7,1.6,-0.11,0.79,Winter,1981-1990,Neutral,Positive
1988,FMA,0.1,3,1988-03-01,-0.2,Neutral,0.5,0.3,1.1,0.9,1.6,1.5,0.78,2.73,Spring,1981-1990,Positive,Positive
1988,MAM,-0.3,4,1988-04-01,-0.7,La Nina,0.1,-0.2,0.8,0.7,1.5,1.3,-2.39,-0.24,Spring,1981-1990,Negative,Neutral
1988,AMJ,-0.9,5,1988-05-01,-1.4,La Nina,-0.3,-0.7,0.5,0.3,1.3,1.0,-1.24,-0.84,Spring,1981-1990,Negative,Negative
1988,MJJ,-1.3,6,1988-06-01,-1.7,La Nina,-0.9,-1.4,0.1,-0.2,1.1,0.9,-2.75,-0.25,Summer,1981-1990,Negative,Neutral
1988,JJA,-1.3,7,1988-07-01,-1.6,La Nina,-1.3,-1.7,-0.3,-0.7,0.8,0.7,1.46,0.77,Summer,1981-1990,Positive,Positive
1988,JAS,-1.1,8,1988-08-01,-1.3,La Nina,-1.3,-1.6,-0.9,-1.4,0.5,0.3,0.73,0.45,Summer,1981-1990,Positive,Neutral
1988,ASO,-1.2,9,1988-09-01,-1.4,La Nina,-1.1,-1.3,-1.3,-1.7,0.1,-0.2,0.8,0.31,Autumn,1981-1990,Positive,Neutral
1988,SON,-1.5,10,1988-10-01,-1.6,La Nina,-1.2,-1.4,-1.3,-1.6,-0.3,-0.7,-2.02,-1.15,Autumn,1981-1990,Negative,Negative
1988,OND,-1.8,11,1988-11-01,-1.9,La Nina,-1.5,-1.6,-1.1,-1.3,-0.9,-1.4,-1.47,-1.99,Autumn,1981-1990,Negative,Negative
1988,NDJ,-1.8,12,1988-12-01,-1.9,La Nina,-1.8,-1.9,-1.2,-1.4,-1.3,-1.7,1.85,0.73,Winter,1981-1990,Positive,Positive
1989,DJF,-1.7,1,1989-01-01,-1.7,La Nina,-1.8,-1.9,-1.5,-1.6,-1.3,-1.6,3.53,-1.12,Winter,1981-1990,Positive,Negative
1989,JFM,-1.4,2,1989-02-01,-1.4,La Nina,-1.7,-1.7,-1.8,-1.9,-1.1,-1.3,3.61,0.27,Winter,1981-1990,Positive,Neutral
1989,FMA,-1.1,3,1989-03-01,-1.1,La Nina,-1.4,-1.4,-1.8,-1.9,-1.2,-1.4,2.45,-0.25,Spring,1981-1990,Positive,Neutral
1989,MAM,-0.8,4,1989-04-01,-0.8,La Nina,-1.1,-1.1,-1.7,-1.7,-1.5,-1.6,-0.48,1.26,Spring,1981-1990,Neutral,Positive
1989,AMJ,-0.6,5,1989-05-01,-0.6,La Nina,-0.8,-0.8,-1.4,-1.4,-1.8,-1.9,1.16,-1.38,Spring,1981-1990,Positive,Negative
1989,MJJ,-0.4,6,1989-06-01,-0.4,Neutral,-0.6,-0.6,-1.1,-1.1,-1.8,-1.9,-0.53,0.27,Summer,1981-1990,Negative,Neutral
1989,JJA,-0.3,7,1989-07-01,-0.3,Neutral,-0.4,-0.4,-0.8,-0.8,-1.7,-1.7,0.58,-0.27,Summer,1981-1990,Positive,Neutral
1989,JAS,-0.3,8,1989-08-01,-0.3,Neutral,-0.3,-0.3,-0.6,-0.6,-1.4,-1.4,1.76,0.48,Summer,1981-1990,Positive,Neutral
1989,ASO,-0.2,9,1989-09-01,-0.2,Neutral,-0.3,-0.3,-0.4,-0.4,-1.1,-1.1,-0.96,-1.32,Autumn,1981-1990,Negative,Negative
1989,SON,-0.2,10,1989-10-01,-0.2,Neutral,-0.2,-0.2,-0.3,-0.3,-0.8,-0.8,0.88,-0.37,Autumn,1981-1990,Positive,Neutral
1989,OND,-0.2,11,1989-11-01,-0.1,Neutral,-0.2,-0.2,-0.3,-0.3,-0.6,-0.6,-2.97,-2.26,Autumn,1981-1990,Negative,Negative
1989,NDJ,-0.1,12,1989-12-01,0.0,Neutral,-0.2,-0.1,-0.2,-0.2,-0.4,-0.4,-2.23,-1.68,Winter,1981-1990,Negative,Negative
1990,DJF,0.1,1,1990-01-01,0.2,Neutral,-0.1,0.0,-0.2,-0.2,-0.3,-0.3,3.5,-0.38,Winter,1981-1990,Positive,Neutral
1990,JFM,0.2,2,1990-02-01,0.3,Neutral,0.1,0.2,-0.2,-0.1,-0.3,-0.3,5.11,1.23,Winter,1981-1990,Positive,Positive
1990,FMA,0.3,3,1990-03-01,0.3,Neutral,0.2,0.3,-0.1,0.0,-0.2,-0.2,3.11,-0.32,Spring,1981-1990,Positive,Neutral
1990,MAM,0.3,4,1990-04-01,0.3,Neutral,0.3,0.3,0.1,0.2,-0.2,-0.2,1.77,1.2,Spring,1981-1990,Positive,Positive
1990,AMJ,0.3,5,1990-05-01,0.2,Neutral,0.3,0.3,0.2,0.3,-0.2,-0.1,-1.19,-0.49,Spring,1981-1990,Negative,Neutral
1990,MJJ,0.3,6,1990-06-01,0.2,Neutral,0.3,0.2,0.3,0.3,-0.1,0.0,0.42,1.47,Summer,1981-1990,Neutral,Positive
1990,JJA,0.3,7,1990-07-01,0.3,Neutral,0.3,0.2,0.3,0.3,0.1,0.2,1.43,-0.64,Summer,1981-1990,Positive,Negative
1990,JAS,0.4,8,1990-08-01,0.4,Neutral,0.3,0.3,0.3,0.2,0.2,0.3,3.31,-1.07,Summer,1981-1990,Positive,Negative
1990,ASO,0.4,9,1990-09-01,0.4,Neutral,0.4,0.4,0.3,0.2,0.3,0.3,-0.99,-0.27,Autumn,1981-1990,Negative,Neutral
1990,SON,0.3,10,1990-10-01,0.4,Neutral,0.4,0.4,0.3,0.3,0.3,0.3,-0.59,-0.11,Autumn,1981-1990,Negative,Neutral
1990,OND,0.4,11,1990-11-01,0.4,Neutral,0.3,0.4,0.4,0.4,0.3,0.2,-1.48,0.77,Autumn,1981-1990,Negative,Positive
1990,NDJ,0.4,12,1990-12-01,0.5,El Nino,0.4,0.4,0.4,0.4,0.3,0.2,0.34,-0.1,Winter,1981-1990,Neutral,Neutral
1991,DJF,0.4,1,1991-01-01,0.6,El Nino,0.4,0.5,0.3,0.4,0.3,0.3,1.87,-0.74,Winter,1991-2000,Positive,Negative
1991,JFM,0.3,2,1991-02-01,0.5,El Nino,0.4,0.6,0.4,0.4,0.4,0.4,-0.02,-0.45,Winter,1991-2000,Neutral,Neutral
1991,FMA,0.2,3,1991-03-01,0.4,Neutral,0.3,0.5,0.4,0.5,0.4,0.4,-1.37,-1.99,Spring,1991-2000,Negative,Negative
1991,MAM,0.3,4,1991-04-01,0.4,Neutral,0.2,0.4,0.4,0.6,0.3,0.4,1.48,1.81,Spring,1991-2000,Positive,Positive
1991,AMJ,0.5,5,1991-05-01,0.5,El Nino,0.3,0.4,0.3,0.5,0.4,0.4,-0.04,1.76,Spring,1991-2000,Neutral,Positive
1991,MJJ,0.6,6,1991-06-01,0.7,El Nino,0.5,0.5,0.2,0.4,0.4,0.5,-0.31,1.15,Summer,1991-2000,Neutral,Positive
1991,JJA,0.7,7,1991-07-01,0.8,El Nino,0.6,0.7,0.3,0.4,0.4,0.6,-0.28,1.48,Summer,1991-2000,Neutral,Positive
1991,JAS,0.6,8,1991-08-01,0.8,El Nino,0.7,0.8,0.5,0.5,0.3,0.5,2.71,-1.24,Summer,1991-2000,Positive,Negative
1991,ASO,0.6,9,1991-09-01,0.9,El Nino,0.6,0.8,0.6,0.7,0.2,0.4,-1.12,-0.18,Autumn,1991-2000,Negative,Neutral
1991,SON,0.8,10,1991-10-01,1.2,El Nino,0.6,0.9,0.7,0.8,0.3,0.4,-1.77,-0.15,Autumn,1991-2000,Negative,Neutral
1991,OND,1.2,11,1991-11-01,1.7,El Nino,0.8,1.2,0.6,0.8,0.5,0.5,1.68,1.3,Autumn,1991-2000,Positive,Positive
1991,NDJ,1.5,12,1991-12-01,2.1,El Nino,1.2,1.7,0.6,0.9,0.6,0.7,1.24,-0.58,Winter,1991-2000,Positive,Negative
1992,DJF,1.7,1,1992-01-01,2.3,El Nino,1.5,2.1,0.8,1.2,0.7,0.8,0.64,-1.21,Winter,1991-2000,Positive,Negative
1992,JFM,1.6,2,1992-02-01,2.2,El Nino,1.7,2.3,1.2,1.7,0.6,0.8,3.18,-0.23,Winter,1991-2000,Positive,Neutral
1992,FMA,1.5,3,1992-03-01,2.0,El Nino,1.6,2.2,1.5,2.1,0.6,0.9,1.66,1.13,Spring,1991-2000,Positive,Positive
1992,MAM,1.3,4,1992-04-01,1.7,El Nino,1.5,2.0,1.7,2.3,0.8,1.2,1.32,1.89,Spring,1991-2000,Positive,Positive
1992,AMJ,1.1,5,1992-05-01,1.4,El Nino,1.3,1.7,1.6,2.2,1.2,1.7,0.79,-0.61,Spring,1991-2000,Positive,Negative
1992,MJJ,0.7,6,1992-06-01,0.9,El Nino,1.1,1.4,1.5,2.0,1.5,2.1,-1.74,1.42,Summer,1991-2000,Negative,Positive
1992,JJA,0.4,7,1992-07-01,0.5,El Nino,0.7,0.9,1.3,1.7,1.7,2.3,1.04,-0.81,Summer,1991-2000,Positive,Negative
1992,JAS,0.1,8,1992-08-01,0.3,Neutral,0.4,0.5,1.1,1.4,1.6,2.2,3.97,1.2,Summer,1991-2000,Positive,Positive
1992,ASO,-0.1,9,1992-09-01,0.2,Neutral,0.1,0.3,0.7,0.9,1.5,2.0,0.99,0.75,Autumn,1991-2000,Positive,Positive
1992,SON,-0.2,10,1992-10-01,0.1,Neutral,-0.1,0.2,0.4,0.5,1.3,1.7,-3.33,1.88,Autumn,1991-2000,Negative,Positive
1992,OND,-0.3,11,1992-11-01,0.1,Neutral,-0.2,0.1,0.1,0.3,1.1,1.4,4.52,2.28,Autumn,1991-2000,Positive,Positive
1992,NDJ,-0.1,12,1992-12-01,0.3,Neutral,-0.3,0.1,-0.1,0.2,0.7,0.9,0.21,-0.67,Winter,1991-2000,Neutral,Negative
1993,DJF,0.1,1,1993-01-01,0.5,El Nino,-0.1,0.3,-0.2,0.1,0.4,0.5,3.91,-0.19,Winter,1991-2000,Positive,Neutral
1993,JFM,0.3,2,1993-02-01,0.7,El Nino,0.1,0.5,-0.3,0.1,0.1,0.3,0.11,-1.18,Winter,1991-2000,Neutral,Negative
1993,FMA,0.5,3,1993-03-01,0.9,El Nino,0.3,0.7,-0.1,0.3,-0.1,0.2,1.47,-0.99,Spring,1991-2000,Positive,Negative
1993,MAM,0.7,4,1993-04-01,1.0,El Nino,0.5,0.9,0.1,0.5,-0.2,0.1,0.83,0.65,Spring,1991-2000,Positive,Positive
1993,AMJ,0.7,5,1993-05-01,0.9,El Nino,0.7,1.0,0.3,0.7,-0.3,0.1,-2.59,-0.72,Spring,1991-2000,Negative,Negative
1993,MJJ,0.6,6,1993-06-01,0.7,El Nino,0.7,0.9,0.5,0.9,-0.1,0.3,0.16,1.23,Summer,1991-2000,Neutral,Positive
1993,JJA,0.3,7,1993-07-01,0.5,El Nino,0.6,0.7,0.7,1.0,0.1,0.5,0.64,0.11,Summer,1991-2000,Positive,Neutral
1993,JAS,0.3,8,1993-08-01,0.5,El Nino,0.3,0.5,0.7,0.9,0.3,0.7,0.75,-0.38,Summer,1991-2000,Positive,Neutral
1993,ASO,0.2,9,1993-09-01,0.5,El Nino,0.3,0.5,0.6,0.7,0.5,0.9,-2.6,1.0,Autumn,1991-2000,Negative,Positive
1993,SON,0.1,10,1993-10-01,0.4,Neutral,0.2,0.5,0.3,0.5,0.7,1.0,-4.13,-0.47,Autumn,1991-2000,Negative,Neutral
1993,OND,0.0,11,1993-11-01,0.3,Neutral,0.1,0.4,0.3,0.5,0.7,0.9,0.77,-0.84,Autumn,1991-2000,Positive,Negative
1993,NDJ,0.1,12,1993-12-01,0.3,Neutral,0.0,0.3,0.2,0.5,0.6,0.7,2.17,2.06,Winter,1991-2000,Positive,Positive
1994,DJF,0.1,1,1994-01-01,0.3,Neutral,0.1,0.3,0.1,0.4,0.3,0.5,1.28,0.91,Winter,1991-2000,Positive,Positive
1994,JFM,0.1,2,1994-02-01,0.3,Neutral,0.1,0.3,0.0,0.3,0.3,0.5,0.07,0.31,Winter,1991-2000,Neutral,Neutral
1994,FMA,0.2,3,1994-03-01,0.4,Neutral,0.1,0.3,0.1,0.3,0.2,0.5,3.68,0.37,Spring,1991-2000,Positive,Neutral
1994,MAM,0.3,4,1994-04-01,0.5,El Nino,0.2,0.4,0.1,0.3,0.1,0.4,1.38,3.19,Spring,1991-2000,Positive,Positive
1994,AMJ,0.4,5,1994-05-01,0.6,El Nino,0.3,0.5,0.1,0.3,0.0,0.3,-1.43,0.67,Spring,1991-2000,Negative,Positive
1994,MJJ,0.4,6,1994-06-01,0.6,El Nino,0.4,0.6,0.2,0.4,0.1,0.3,2.98,-0.04,Summer,1991-2000,Positive,Neutral
1994,JJA,0.4,7,1994-07-01,0.7,El Nino,0.4,0.6,0.3,0.5,0.1,0.3,-0.09,-0.41,Summer,1991-2000,Neutral,Neutral
1994,JAS,0.4,8,1994-08-01,0.8,El Nino,0.4,0.7,0.4,0.6,0.1,0.3,-1.59,0.75,Summer,1991-2000,Negative,Positive
1994,ASO,0.6,9,1994-09-01,1.0,El Nino,0.4,0.8,0.4,0.6,0.2,0.4,-2.85,0.07,Autumn,1991-2000,Negative,Neutral
1994,SON,0.7,10,1994-10-01,1.1,El Nino,0.6,1.0,0.4,0.7,0.3,0.5,-1.88,-0.96,Autumn,1991-2000,Negative,Negative
1994,OND,1.0,11,1994-11-01,1.3,El Nino,0.7,1.1,0.4,0.8,0.4,0.6,1.68,0.06,Autumn,1991-2000,Positive,Neutral
1994,NDJ,1.1,12,1994-12-01,1.4,El Nino,1.0,1.3,0.6,1.0,0.4,0.6,2.86,0.45,Winter,1991-2000,Positive,Neutral
1995,DJF,1.0,1,1995-01-01,1.3,El Nino,1.1,1.4,0.7,1.1,0.4,0.7,2.7,1.48,Winter,1991-2000,Positive,Positive
1995,JFM,0.7,2,1995-02-01,1.0,El Nino,1.0,1.3,1.0,1.3,0.4,0.8,3.13,1.14,Winter,1991-2000,Positive,Positive
1995,FMA,0.5,3,1995-03-01,0.7,El Nino,0.7,1.0,1.1,1.4,0.6,1.0,1.06,0.37,Spring,1991-2000,Positive,Neutral
1995,MAM,0.3,4,1995-04-01,0.4,Neutral,0.5,0.7,1.0,1.3,0.7,1.1,-1.81,-0.39,Spring,1991-2000,Negative,Neutral
1995,AMJ,0.1,5,1995-05-01,0.1,Neutral,0.3,0.4,0.7,1.0,1.0,1.3,-0.36,0.63,Spring,1991-2000,Neutral,Positive
1995,MJJ,0.0,6,1995-06-01,-0.1,Neutral,0.1,0.1,0.5,0.7,1.1,1.4,-3.36,-0.53,Summer,1991-2000,Negative,Negative
1995,JJA,-0.2,7,1995-07-01,-0.3,Neutral,0.0,-0.1,0.3,0.4,1.0,1.3,-0.96,-0.59,Summer,1991-2000,Negative,Negative
1995,JAS,-0.5,8,1995-08-01,-0.5,La Nina,-0.2,-0.3,0.1,0.1,0.7,1.0,-1.33,-0.1,Summer,1991-2000,Negative,Neutral
1995,ASO,-0.8,9,1995-09-01,-0.7,La Nina,-0.5,-0.5,0.0,-0.1,0.5,0.7,-1.55,1.91,Autumn,1991-2000,Negative,Positive
1995,SON,-1.0,10,1995-10-01,-0.9,La Nina,-0.8,-0.7,-0.2,-0.3,0.3,0.4,1.22,-0.71,Autumn,1991-2000,Positive,Negative
1995,OND,-1.0,11,1995-11-01,-0.9,La Nina,-1.0,-0.9,-0.5,-0.5,0.1,0.1,-2.73,-0.59,Autumn,1991-2000,Negative,Negative
1995,NDJ,-1.0,12,1995-12-01,-0.9,La Nina,-1.0,-0.9,-0.8,-0.7,0.0,-0.1,-3.33,-0.63,Winter,1991-2000,Negative,Negative
1996,DJF,-0.9,1,1996-01-01,-0.9,La Nina,-1.0,-0.9,-1.0,-0.9,-0.2,-0.3,-3.27,-2.25,Winter,1991-2000,Negative,Negative
1996,JFM,-0.8,2,1996-02-01,-0.8,La Nina,-0.9,-0.9,-1.0,-0.9,-0.5,-0.5,-0.12,0.61,Winter,1991-2000,Neutral,Positive
1996,FMA,-0.6,3,1996-03-01,-0.6,La Nina,-0.8,-0.8,-1.0,-0.9,-0.8,-0.7,-2.57,-1.72,Spring,1991-2000,Negative,Negative
1996,MAM,-0.4,4,1996-04-01,-0.4,Neutral,-0.6,-0.6,-0.9,-0.9,-1.0,-0.9,-0.31,-0.47,Spring,1991-2000,Neutral,Neutral
1996,AMJ,-0.3,5,1996-05-01,-0.3,Neutral,-0.4,-0.4,-0.8,-0.8,-1.0,-0.9,-1.5,0.63,Spring,1991-2000,Negative,Positive
1996,MJJ,-0.3,6,1996-06-01,-0.3,Neutral,-0.3,-0.3,-0.6,-0.6,-1.0,-0.9,1.43,-0.38,Summer,1991-2000,Positive,Neutral
1996,JJA,-0.3,7,1996-07-01,-0.2,Neutral,-0.3,-0.3,-0.4,-0.4,-0.9,-0.9,1.47,0.56,Summer,1991-2000,Positive,Positive
1996,JAS,-0.3,8,1996-08-01,-0.2,Neutral,-0.3,-0.2,-0.3,-0.3,-0.8,-0.8,-0.19,1.45,Summer,1991-2000,Neutral,Positive
1996,ASO,-0.4,9,1996-09-01,-0.2,Neutral,-0.3,-0.2,-0.3,-0.3,-0.6,-0.6,-2.23,1.11,Autumn,1991-2000,Negative,Positive
1996,SON,-0.4,10,1996-10-01,-0.3,Neutral,-0.4,-0.2,-0.3,-0.2,-0.4,-0.4,-0.07,1.35,Autumn,1991-2000,Neutral,Positive
1996,OND,-0.4,11,1996-11-01,-0.3,Neutral,-0.4,-0.3,-0.3,-0.2,-0.3,-0.3,-0.05,1.71,Autumn,1991-2000,Neutral,Positive
1996,NDJ,-0.5,12,1996-12-01,-0.3,Neutral,-0.4,-0.3,-0.4,-0.2,-0.3,-0.3,-4.7,-1.43,Winter,1991-2000,Negative,Negative
1997,DJF,-0.5,1,1997-01-01,-0.2,Neutral,-0.5,-0.3,-0.4,-0.3,-0.3,-0.2,-1.95,-1.88,Winter,1991-2000,Negative,Negative
1997,JFM,-0.4,2,1997-02-01,-0.1,Neutral,-0.5,-0.2,-0.4,-0.3,-0.3,-0.2,5.26,0.55,Winter,1991-2000,Positive,Positive
1997,FMA,-0.1,3,1997-03-01,0.2,Neutral,-0.4,-0.1,-0.5,-0.3,-0.4,-0.2,2.09,-0.4,Spring,1991-2000,Positive,Neutral
1997,MAM,0.3,4,1997-04-01,0.5,El Nino,-0.1,0.2,-0.5,-0.2,-0.4,-0.3,-0.97,-1.09,Spring,1991-2000,Negative,Negative
1997,AMJ,0.8,5,1997-05-01,1.0,El Nino,0.3,0.5,-0.4,-0.1,-0.4,-0.3,-1.35,-0.11,Spring,1991-2000,Negative,Neutral
1997,MJJ,1.2,6,1997-06-01,1.3,El Nino,0.8,1.0,-0.1,0.2,-0.5,-0.3,-4.05,0.68,Summer,1991-2000,Negative,Positive
1997,JJA,1.6,7,1997-07-01,1.7,El Nino,1.2,1.3,0.3,0.5,-0.5,-0.2,1.18,1.27,Summer,1991-2000,Positive,Positive
1997,JAS,1.9,8,1997-08-01,2.0,El Nino,1.6,1.7,0.8,1.0,-0.4,-0.1,1.78,0.37,Summer,1991-2000,Positive,Neutral
1997,ASO,2.1,9,1997-09-01,2.3,El Nino,1.9,2.0,1.2,1.3,-0.1,0.2,-0.67,-1.58,Autumn,1991-2000,Negative,Negative
1997,SON,2.3,10,1997-10-01,2.4,El Nino,2.1,2.3,1.6,1.7,0.3,0.5,-2.26,-0.11,Autumn,1991-2000,Negative,Neutral
1997,OND,2.4,11,1997-11-01,2.4,El Nino,2.3,2.4,1.9,2.0,0.8,1.0,-0.99,0.07,Autumn,1991-2000,Negative,Neutral
1997,NDJ,2.4,12,1997-12-01,2.3,El Nino,2.4,2.4,2.1,2.3,1.2,1.3,-0.2,0.17,Winter,1991-2000,Neutral,Neutral
1998,DJF,2.2,1,1998-01-01,2.2,El Nino,2.4,2.3,2.3,2.4,1.6,1.7,-0.28,-0.51,Winter,1991-2000,Neutral,Negative
1998,JFM,1.9,2,1998-02-01,1.8,El Nino,2.2,2.2,2.4,2.4,1.9,2.0,2.44,-1.21,Winter,1991-2000,Positive,Negative
1998,FMA,1.4,3,1998-03-01,1.3,El Nino,1.9,1.8,2.4,2.3,2.1,2.3,1.24,-0.13,Spring,1991-2000,Positive,Neutral
1998,MAM,1.0,4,1998-04-01,0.8,El Nino,1.4,1.3,2.2,2.2,2.3,2.4,-0.39,1.95,Spring,1991-2000,Neutral,Positive
1998,AMJ,0.5,5,1998-05-01,0.1,Neutral,1.0,0.8,1.9,1.8,2.4,2.4,-1.26,-1.37,Spring,1991-2000,Negative,Negative
1998,MJJ,-0.1,6,1998-06-01,-0.5,La Nina,0.5,0.1,1.4,1.3,2.4,2.3,-0.85,-0.15,Summer,1991-2000,Negative,Neutral
1998,JJA,-0.8,7,1998-07-01,-1.2,La Nina,-0.1,-0.5,1.0,0.8,2.2,2.2,-0.57,0.99,Summer,1991-2000,Negative,Positive
1998,JAS,-1.1,8,1998-08-01,-1.4,La Nina,-0.8,-1.2,0.5,0.1,1.9,1.8,1.8,-0.45,Summer,1991-2000,Positive,Neutral
1998,ASO,-1.3,9,1998-09-01,-1.5,La Nina,-1.1,-1.4,-0.1,-0.5,1.4,1.3,-3.48,0.06,Autumn,1991-2000,Negative,Neutral
1998,SON,-1.4,10,1998-10-01,-1.5,La Nina,-1.3,-1.5,-0.8,-1.2,1.0,0.8,1.34,2.51,Autumn,1991-2000,Positive,Positive
1998,OND,-1.5,11,1998-11-01,-1.6,La Nina,-1.4,-1.5,-1.1,-1.4,0.5,0.1,1.13,0.59,Autumn,1991-2000,Positive,Positive
1998,NDJ,-1.6,12,1998-12-01,-1.6,La Nina,-1.5,-1.6,-1.3,-1.5,-0.1,-0.5,1.95,-0.85,Winter,1991-2000,Positive,Negative
1999,DJF,-1.5,1,1999-01-01,-1.5,La Nina,-1.6,-1.6,-1.4,-1.5,-0.8,-1.2,0.9,-0.49,Winter,1991-2000,Positive,Neutral
1999,JFM,-1.3,2,1999-02-01,-1.3,La Nina,-1.5,-1.5,-1.5,-1.6,-1.1,-1.4,1.8,1.08,Winter,1991-2000,Positive,Positive
1999,FMA,-1.1,3,1999-03-01,-1.1,La Nina,-1.3,-1.3,-1.6,-1.6,-1.3,-1.5,-0.72,-0.55,Spring,1991-2000,Negative,Negative
1999,MAM,-1.0,4,1999-04-01,-1.0,La Nina,-1.1,-1.1,-1.5,-1.5,-1.4,-1.5,0.43,1.2,Spring,1991-2000,Neutral,Positive
1999,AMJ,-1.0,5,1999-05-01,-1.0,La Nina,-1.0,-1.0,-1.3,-1.3,-1.5,-1.6,1.03,0.33,Spring,1991-2000,Positive,Neutral
1999,MJJ,-1.0,6,1999-06-01,-1.0,La Nina,-1.0,-1.0,-1.1,-1.1,-1.6,-1.6,1.39,0.68,Summer,1991-2000,Positive,Positive
1999,JJA,-1.1,7,1999-07-01,-1.0,La Nina,-1.0,-1.0,-1.0,-1.0,-1.5,-1.5,-1.85,0.17,Summer,1991-2000,Negative,Neutral
1999,JAS,-1.1,8,1999-08-01,-1.0,La Nina,-1.1,-1.0,-1.0,-1.0,-1.3,-1.3,-3.67,0.02,Summer,1991-2000,Negative,Neutral
1999,ASO,-1.2,9,1999-09-01,-1.0,La Nina,-1.1,-1.0,-1.0,-1.0,-1.1,-1.1,-0.51,0.25,Autumn,1991-2000,Negative,Neutral
1999,SON,-1.3,10,1999-10-01,-1.1,La Nina,-1.2,-1.0,-1.1,-1.0,-1.0,-1.0,-0.69,0.04,Autumn,1991-2000,Negative,Neutral
1999,OND,-1.5,11,1999-11-01,-1.4,La Nina,-1.3,-1.1,-1.1,-1.0,-1.0,-1.0,0.3,-0.26,Autumn,1991-2000,Neutral,Neutral
1999,NDJ,-1.7,12,1999-12-01,-1.6,La Nina,-1.5,-1.4,-1.2,-1.0,-1.0,-1.0,2.13,1.52,Winter,1991-2000,Positive,Positive
2000,DJF,-1.7,1,2000-01-01,-1.7,La Nina,-1.7,-1.6,-1.3,-1.1,-1.1,-1.0,0.35,-0.65,Winter,1991-2000,Neutral,Negative
2000,JFM,-1.4,2,2000-02-01,-1.4,La Nina,-1.7,-1.7,-1.5,-1.4,-1.1,-1.0,4.37,0.7,Winter,1991-2000,Positive,Positive
2000,FMA,-1.1,3,2000-03-01,-1.1,La Nina,-1.4,-1.4,-1.7,-1.6,-1.2,-1.0,0.54,0.3,Spring,1991-2000,Positive,Neutral
2000,MAM,-0.8,4,2000-04-01,-0.8,La Nina,-1.1,-1.1,-1.7,-1.7,-1.3,-1.1,-3.34,0.1,Spring,1991-2000,Negative,Neutral
2000,AMJ,-0.7,5,2000-05-01,-0.6,La Nina,-0.8,-0.8,-1.4,-1.4,-1.5,-1.4,0.31,-0.1,Spring,1991-2000,Neutral,Neutral
2000,MJJ,-0.6,6,2000-06-01,-0.5,La Nina,-0.7,-0.6,-1.1,-1.1,-1.7,-1.6,0.89,0.2,Summer,1991-2000,Positive,Neutral
2000,JJA,-0.6,7,2000-07-01,-0.4,Neutral,-0.6,-0.5,-0.8,-0.8,-1.7,-1.7,-2.99,1.99,Summer,1991-2000,Negative,Positive
2000,JAS,-0.5,8,2000-08-01,-0.4,Neutral,-0.6,-0.4,-0.7,-0.6,-1.4,-1.4,0.78,0.3,Summer,1991-2000,Positive,Neutral
2000,ASO,-0.5,9,2000-09-01,-0.4,Neutral,-0.5,-0.4,-0.6,-0.5,-1.1,-1.1,-1.1,0.68,Autumn,1991-2000,Negative,Positive
2000,SON,-0.6,10,2000-10-01,-0.6,La Nina,-0.5,-0.4,-0.6,-0.4,-0.8,-0.8,1.37,1.0,Autumn,1991-2000,Positive,Positive
2000,OND,-0.7,11,2000-11-01,-0.7,La Nina,-0.6,-0.6,-0.5,-0.4,-0.7,-0.6,-0.24,1.45,Autumn,1991-2000,Neutral,Positive
2000,NDJ,-0.7,12,2000-12-01,-0.7,La Nina,-0.7,-0.7,-0.5,-0.4,-0.6,-0.5,-1.41,-0.21,Winter,1991-2000,Negative,Neutral
2001,DJF,-0.7,1,2001-01-01,-0.6,La Nina,-0.7,-0.7,-0.6,-0.6,-0.6,-0.4,0.02,0.1,Winter,2001-2010,Neutral,Neutral
2001,JFM,-0.5,2,2001-02-01,-0.5,La Nina,-0.7,-0.6,-0.7,-0.7,-0.5,-0.4,0.07,0.32,Winter,2001-2010,Neutral,Neutral
2001,FMA,-0.4,3,2001-03-01,-0.5,La Nina,-0.5,-0.5,-0.7,-0.7,-0.5,-0.4,-0.68,0.91,Spring,2001-2010,Negative,Positive
2001,MAM,-0.3,4,2001-04-01,-0.5,La Nina,-0.4,-0.5,-0.7,-0.6,-0.6,-0.6,1.24,2.42,Spring,2001-2010,Positive,Positive
2001,AMJ,-0.3,5,2001-05-01,-0.3,Neutral,-0.3,-0.5,-0.5,-0.5,-0.7,-0.7,-0.09,0.15,Spring,2001-2010,Neutral,Neutral
2001,MJJ,-0.1,6,2001-06-01,-0.1,Neutral,-0.3,-0.3,-0.4,-0.5,-0.7,-0.7,-1.33,0.84,Summer,2001-2010,Negative,Positive
2001,JJA,-0.1,7,2001-07-01,0.0,Neutral,-0.1,-0.1,-0.3,-0.5,-0.7,-0.6,-1.12,1.22,Summer,2001-2010,Negative,Positive
2001,JAS,-0.1,8,2001-08-01,0.0,Neutral,-0.1,0.0,-0.3,-0.3,-0.5,-0.5,1.64,0.72,Summer,2001-2010,Positive,Positive
2001,ASO,-0.2,9,2001-09-01,0.0,Neutral,-0.1,0.0,-0.1,-0.1,-0.4,-0.5,-3.83,0.49,Autumn,2001-2010,Negative,Neutral
2001,SON,-0.3,10,2001-10-01,-0.2,Neutral,-0.2,0.0,-0.1,0.0,-0.3,-0.5,0.88,-0.38,Autumn,2001-2010,Positive,Neutral
2001,OND,-0.3,11,2001-11-01,-0.2,Neutral,-0.3,-0.2,-0.1,0.0,-0.3,-0.3,0.01,-0.35,Autumn,2001-2010,Neutral,Neutral
2001,NDJ,-0.3,12,2001-12-01,-0.3,Neutral,-0.3,-0.2,-0.2,0.0,-0.1,-0.1,-2.25,-1.03,Winter,2001-2010,Negative,Negative
2002,DJF,-0.1,1,2002-01-01,-0.1,Neutral,-0.3,-0.3,-0.3,-0.2,-0.1,0.0,2.31,-0.7,Winter,2001-2010,Positive,Negative
2002,JFM,0.0,2,2002-02-01,0.0,Neutral,-0.1,-0.1,-0.3,-0.2,-0.1,0.0,3.01,0.84,Winter,2001-2010,Positive,Positive
2002,FMA,0.1,3,2002-03-01,0.0,Neutral,0.0,0.0,-0.3,-0.3,-0.2,0.0,0.09,-0.8,Spring,2001-2010,Neutral,Negative
2002,MAM,0.2,4,2002-04-01,0.1,Neutral,0.1,0.0,-0.1,-0.1,-0.3,-0.2,0.91,-0.41,Spring,2001-2010,Positive,Neutral
2002,AMJ,0.4,5,2002-05-01,0.4,Neutral,0.2,0.1,0.0,0.0,-0.3,-0.2,-0.05,0.45,Spring,2001-2010,Neutral,Neutral
2002,MJJ,0.7,6,2002-06-01,0.7,El Nino,0.4,0.4,0.1,0.0,-0.3,-0.3,0.9,0.26,Summer,2001-2010,Positive,Neutral
2002,JJA,0.8,7,2002-07-01,0.9,El Nino,0.7,0.7,0.2,0.1,-0.1,-0.1,-0.71,0.7,Summer,2001-2010,Negative,Positive
2002,JAS,0.9,8,2002-08-01,1.1,El Nino,0.8,0.9,0.4,0.4,0.0,0.0,-0.61,1.31,Summer,2001-2010,Negative,Positive
2002,ASO,1.0,9,2002-09-01,1.3,El Nino,0.9,1.1,0.7,0.7,0.1,0.0,-3.58,0.1,Autumn,2001-2010,Negative,Neutral
2002,SON,1.2,10,2002-10-01,1.4,El Nino,1.0,1.3,0.8,0.9,0.2,0.1,-1.5,1.13,Autumn,2001-2010,Negative,Positive
2002,OND,1.3,11,2002-11-01,1.5,El Nino,1.2,1.4,0.9,1.1,0.4,0.4,-0.27,1.18,Autumn,2001-2010,Neutral,Positive
2002,NDJ,1.1,12,2002-12-01,1.2,El Nino,1.3,1.5,1.0,1.3,0.7,0.7,-0.98,0.11,Winter,2001-2010,Negative,Neutral
2003,DJF,0.9,1,2003-01-01,0.9,El Nino,1.1,1.2,1.2,1.4,0.8,0.9,0.15,1.22,Winter,2001-2010,Neutral,Positive
2003,JFM,0.6,2,2003-02-01,0.5,El Nino,0.9,0.9,1.3,1.5,0.9,1.1,1.34,-0.76,Winter,2001-2010,Positive,Negative
2003,FMA,0.4,3,2003-03-01,0.2,Neutral,0.6,0.5,1.1,1.2,1.0,1.3,1.08,-1.72,Spring,2001-2010,Positive,Negative
2003,MAM,0.0,4,2003-04-01,-0.2,Neutral,0.4,0.2,0.9,0.9,1.2,1.4,-1.74,-1.82,Spring,2001-2010,Negative,Negative
2003,AMJ,-0.3,5,2003-05-01,-0.4,Neutral,0.0,-0.2,0.6,0.5,1.3,1.5,1.17,-0.03,Spring,2001-2010,Positive,Neutral
2003,MJJ,-0.2,6,2003-06-01,-0.3,Neutral,-0.3,-0.4,0.4,0.2,1.1,1.2,-0.86,-0.77,Summer,2001-2010,Negative,Negative
2003,JJA,0.1,7,2003-07-01,0.0,Neutral,-0.2,-0.3,0.0,-0.2,0.9,0.9,0.09,1.6,Summer,2001-2010,Neutral,Positive
2003,JAS,0.2,8,2003-08-01,0.2,Neutral,0.1,0.0,-0.3,-0.4,0.6,0.5,-0.99,0.91,Summer,2001-2010,Negative,Positive
2003,ASO,0.3,9,2003-09-01,0.2,Neutral,0.2,0.2,-0.2,-0.3,0.4,0.2,0.35,0.82,Autumn,2001-2010,Neutral,Positive
2003,SON,0.3,10,2003-10-01,0.2,Neutral,0.3,0.2,0.1,0.0,0.0,-0.2,-3.68,-0.17,Autumn,2001-2010,Negative,Neutral
2003,OND,0.4,11,2003-11-01,0.3,Neutral,0.3,0.2,0.2,0.2,-0.3,-0.4,0.31,-1.27,Autumn,2001-2010,Neutral,Negative
2003,NDJ,0.4,12,2003-12-01,0.3,Neutral,0.4,0.3,0.3,0.2,-0.2,-0.3,-0.85,-0.39,Winter,2001-2010,Negative,Neutral
2004,DJF,0.4,1,2004-01-01,0.3,Neutral,0.4,0.3,0.3,0.2,0.1,0.0,0.2,1.17,Winter,2001-2010,Neutral,Positive
2004,JFM,0.3,2,2004-02-01,0.1,Neutral,0.4,0.3,0.4,0.3,0.2,0.2,-1.23,-0.65,Winter,2001-2010,Negative,Negative
2004,FMA,0.2,3,2004-03-01,0.1,Neutral,0.3,0.1,0.4,0.3,0.3,0.2,1.07,-0.77,Spring,2001-2010,Positive,Negative
2004,MAM,0.2,4,2004-04-01,0.2,Neutral,0.2,0.1,0.4,0.3,0.3,0.2,1.08,-0.75,Spring,2001-2010,Positive,Negative
2004,AMJ,0.2,5,2004-05-01,0.3,Neutral,0.2,0.2,0.3,0.1,0.4,0.3,-0.67,-0.49,Spring,2001-2010,Negative,Neutral
2004,MJJ,0.3,6,2004-06-01,0.5,El Nino,0.2,0.3,0.2,0.1,0.4,0.3,-0.38,-0.31,Summer,2001-2010,Neutral,Neutral
2004,JJA,0.5,7,2004-07-01,0.7,El Nino,0.3,0.5,0.2,0.2,0.4,0.3,-0.3,-0.4,Summer,2001-2010,Neutral,Neutral
2004,JAS,0.6,8,2004-08-01,0.8,El Nino,0.5,0.7,0.2,0.3,0.3,0.1,-0.76,0.97,Summer,2001-2010,Negative,Positive
2004,ASO,0.7,9,2004-09-01,0.9,El Nino,0.6,0.8,0.3,0.5,0.2,0.1,2.51,0.08,Autumn,2001-2010,Positive,Neutral
2004,SON,0.7,10,2004-10-01,0.8,El Nino,0.7,0.9,0.5,0.7,0.2,0.2,-2.18,-0.17,Autumn,2001-2010,Negative,Neutral
2004,OND,0.7,11,2004-11-01,0.7,El Nino,0.7,0.8,0.6,0.8,0.2,0.3,-0.55,0.04,Autumn,2001-2010,Negative,Neutral
2004,NDJ,0.7,12,2004-12-01,0.7,El Nino,0.7,0.7,0.7,0.9,0.3,0.5,1.27,-0.34,Winter,2001-2010,Positive,Neutral
2005,DJF,0.6,1,2005-01-01,0.6,El Nino,0.7,0.7,0.7,0.8,0.5,0.7,1.82,0.31,Winter,2001-2010,Positive,Neutral
2005,JFM,0.6,2,2005-02-01,0.4,Neutral,0.6,0.6,0.7,0.7,0.6,0.8,-2.25,-0.04,Winter,2001-2010,Negative,Neutral
2005,FMA,0.4,3,2005-03-01,0.3,Neutral,0.6,0.4,0.7,0.7,0.7,0.9,-1.29,-1.07,Spring,2001-2010,Negative,Negative
2005,MAM,0.4,4,2005-04-01,0.3,Neutral,0.4,0.3,0.6,0.6,0.7,0.8,0.71,-0.7,Spring,2001-2010,Positive,Negative
2005,AMJ,0.3,5,2005-05-01,0.2,Neutral,0.4,0.3,0.6,0.4,0.7,0.7,-0.13,-0.85,Spring,2001-2010,Neutral,Negative
2005,MJJ,0.1,6,2005-06-01,0.0,Neutral,0.3,0.2,0.4,0.3,0.7,0.7,-1.0,-2.27,Summer,2001-2010,Negative,Negative
2005,JJA,-0.1,7,2005-07-01,-0.1,Neutral,0.1,0.0,0.4,0.3,0.6,0.6,-0.08,0.1,Summer,2001-2010,Neutral,Neutral
2005,JAS,-0.1,8,2005-08-01,-0.1,Neutral,-0.1,-0.1,0.3,0.2,0.6,0.4,0.94,-0.84,Summer,2001-2010,Positive,Negative
2005,ASO,-0.1,9,2005-09-01,0.0,Neutral,-0.1,-0.1,0.1,0.0,0.4,0.3,0.5,-0.38,Autumn,2001-2010,Positive,Neutral
2005,SON,-0.3,10,2005-10-01,-0.2,Neutral,-0.1,0.0,-0.1,-0.1,0.4,0.3,-0.45,-2.18,Autumn,2001-2010,Neutral,Negative
2005,OND,-0.6,11,2005-11-01,-0.5,La Nina,-0.3,-0.2,-0.1,-0.1,0.3,0.2,-1.01,-1.25,Autumn,2001-2010,Negative,Negative
2005,NDJ,-0.8,12,2005-12-01,-0.8,La Nina,-0.6,-0.5,-0.1,0.0,0.1,0.0,-0.81,-0.08,Winter,2001-2010,Negative,Neutral
2006,DJF,-0.9,1,2006-01-01,-0.9,La Nina,-0.8,-0.8,-0.3,-0.2,-0.1,-0.1,-0.1,-1.55,Winter,2001-2010,Neutral,Negative
2006,JFM,-0.8,2,2006-02-01,-0.9,La Nina,-0.9,-0.9,-0.6,-0.5,-0.1,-0.1,-1.24,-0.02,Winter,2001-2010,Negative,Neutral
2006,FMA,-0.6,3,2006-03-01,-0.6,La Nina,-0.8,-0.9,-0.8,-0.8,-0.1,0.0,-1.12,0.86,Spring,2001-2010,Negative,Positive
2006,MAM,-0.4,4,2006-04-01,-0.4,Neutral,-0.6,-0.6,-0.9,-0.9,-0.3,-0.2,0.57,-1.41,Spring,2001-2010,Positive,Negative
2006,AMJ,-0.1,5,2006-05-01,-0.1,Neutral,-0.4,-0.4,-0.8,-0.9,-0.6,-0.5,-0.22,-1.49,Spring,2001-2010,Neutral,Negative
2006,MJJ,0.0,6,2006-06-01,0.0,Neutral,-0.1,-0.1,-0.6,-0.6,-0.8,-0.8,-0.41,-3.18,Summer,2001-2010,Neutral,Negative
2006,JJA,0.1,7,2006-07-01,0.1,Neutral,0.0,0.0,-0.4,-0.4,-0.9,-0.9,0.83,-2.03,Summer,2001-2010,Positive,Negative
2006,JAS,0.3,8,2006-08-01,0.3,Neutral,0.1,0.1,-0.1,-0.1,-0.8,-0.9,-2.47,1.55,Summer,2001-2010,Negative,Positive
2006,ASO,0.5,9,2006-09-01,0.5,El Nino,0.3,0.3,0.0,0.0,-0.6,-0.6,-1.02,-0.39,Autumn,2001-2010,Negative,Neutral
2006,SON,0.8,10,2006-10-01,0.8,El Nino,0.5,0.5,0.1,0.1,-0.4,-0.4,-1.97,-1.03,Autumn,2001-2010,Negative,Negative
2006,OND,0.9,11,2006-11-01,0.9,El Nino,0.8,0.8,0.3,0.3,-0.1,-0.1,2.0,-0.61,Autumn,2001-2010,Positive,Negative
2006,NDJ,0.9,12,2006-12-01,0.9,El Nino,0.9,0.9,0.5,0.5,0.0,0.0,3.03,-0.66,Winter,2001-2010,Positive,Negative
2007,DJF,0.7,1,2007-01-01,0.6,El Nino,0.9,0.9,0.8,0.8,0.1,0.1,1.76,0.44,Winter,2001-2010,Positive,Neutral
2007,JFM,0.2,2,2007-02-01,0.2,Neutral,0.7,0.6,0.9,0.9,0.3,0.3,0.42,0.72,Winter,2001-2010,Neutral,Positive
2007,FMA,-0.1,3,2007-03-01,-0.2,Neutral,0.2,0.2,0.9,0.9,0.5,0.5,2.03,1.08,Spring,2001-2010,Positive,Positive
2007,MAM,-0.3,4,2007-04-01,-0.4,Neutral,-0.1,-0.2,0.7,0.6,0.8,0.8,-0.1,-2.95,Spring,2001-2010,Neutral,Negative
2007,AMJ,-0.4,5,2007-05-01,-0.4,Neutral,-0.3,-0.4,0.2,0.2,0.9,0.9,0.62,1.48,Spring,2001-2010,Positive,Positive
2007,MJJ,-0.5,6,2007-06-01,-0.5,La Nina,-0.4,-0.4,-0.1,-0.2,0.9,0.9,-3.34,0.01,Summer,2001-2010,Negative,Neutral
2007,JJA,-0.6,7,2007-07-01,-0.6,La Nina,-0.5,-0.5,-0.3,-0.4,0.7,0.6,-1.05,0.3,Summer,2001-2010,Negative,Neutral
2007,JAS,-0.8,8,2007-08-01,-0.8,La Nina,-0.6,-0.6,-0.4,-0.4,0.2,0.2,-3.41,-0.96,Summer,2001-2010,Negative,Negative
2007,ASO,-1.1,9,2007-09-01,-1.0,La Nina,-0.8,-0.8,-0.5,-0.5,-0.1,-0.2,-1.18,-0.63,Autumn,2001-2010,Negative,Negative
2007,SON,-1.3,10,2007-10-01,-1.3,La Nina,-1.1,-1.0,-0.6,-0.6,-0.3,-0.4,-0.02,-1.22,Autumn,2001-2010,Neutral,Negative
2007,OND,-1.5,11,2007-11-01,-1.4,La Nina,-1.3,-1.3,-0.8,-0.8,-0.4,-0.4,-1.67,-0.62,Autumn,2001-2010,Negative,Negative
2007,NDJ,-1.6,12,2007-12-01,-1.5,La Nina,-1.5,-1.4,-1.1,-1.0,-0.5,-0.5,1.36,-0.56,Winter,2001-2010,Positive,Negative
2008,DJF,-1.6,1,2008-01-01,-1.6,La Nina,-1.6,-1.5,-1.3,-1.3,-0.6,-0.6,1.85,-0.3,Winter,2001-2010,Positive,Neutral
2008,JFM,-1.5,2,2008-02-01,-1.5,La Nina,-1.6,-1.6,-1.5,-1.4,-0.8,-0.8,1.79,-2.09,Winter,2001-2010,Positive,Negative
2008,FMA,-1.3,3,2008-03-01,-1.3,La Nina,-1.5,-1.5,-1.6,-1.5,-1.1,-1.0,0.37,1.81,Spring,2001-2010,Neutral,Positive
2008,MAM,-1.0,4,2008-04-01,-0.9,La Nina,-1.3,-1.3,-1.6,-1.6,-1.3,-1.3,-2.02,0.03,Spring,2001-2010,Negative,Neutral
2008,AMJ,-0.8,5,2008-05-01,-0.8,La Nina,-1.0,-0.9,-1.5,-1.5,-1.5,-1.4,-3.26,-2.42,Spring,2001-2010,Negative,Negative
2008,MJJ,-0.6,6,2008-06-01,-0.5,La Nina,-0.8,-0.8,-1.3,-1.3,-1.6,-1.5,-1.62,-1.06,Summer,2001-2010,Negative,Negative
2008,JJA,-0.4,7,2008-07-01,-0.3,Neutral,-0.6,-0.5,-1.0,-0.9,-1.6,-1.6,-1.13,0.68,Summer,2001-2010,Negative,Positive
2008,JAS,-0.2,8,2008-08-01,-0.2,Neutral,-0.4,-0.3,-0.8,-0.8,-1.5,-1.5,-0.21,-0.06,Summer,2001-2010,Neutral,Neutral
2008,ASO,-0.2,9,2008-09-01,-0.3,Neutral,-0.2,-0.2,-0.6,-0.5,-1.3,-1.3,-2.07,-1.63,Autumn,2001-2010,Negative,Negative
2008,SON,-0.4,10,2008-10-01,-0.4,Neutral,-0.2,-0.3,-0.4,-0.3,-1.0,-0.9,0.01,-0.51,Autumn,2001-2010,Neutral,Negative
2008,OND,-0.6,11,2008-11-01,-0.6,La Nina,-0.4,-0.4,-0.2,-0.2,-0.8,-0.8,-1.3,0.12,Autumn,2001-2010,Negative,Neutral
2008,NDJ,-0.7,12,2008-12-01,-0.8,La Nina,-0.6,-0.6,-0.2,-0.3,-0.6,-0.5,-0.58,-0.17,Winter,2001-2010,Negative,Neutral
2009,DJF,-0.8,1,2009-01-01,-0.9,La Nina,-0.7,-0.8,-0.4,-0.4,-0.4,-0.3,0.6,0.23,Winter,2001-2010,Positive,Neutral
2009,JFM,-0.8,2,2009-02-01,-0.8,La Nina,-0.8,-0.9,-0.6,-0.6,-0.2,-0.2,-1.43,-0.29,Winter,2001-2010,Negative,Neutral
2009,FMA,-0.6,3,2009-03-01,-0.7,La Nina,-0.8,-0.8,-0.7,-0.8,-0.2,-0.3,0.15,-0.51,Spring,2001-2010,Neutral,Negative
2009,MAM,-0.3,4,2009-04-01,-0.4,Neutral,-0.6,-0.7,-0.8,-0.9,-0.4,-0.4,1.74,0.63,Spring,2001-2010,Positive,Positive
2009,AMJ,0.0,5,2009-05-01,-0.1,Neutral,-0.3,-0.4,-0.8,-0.8,-0.6,-0.6,1.52,-1.0,Spring,2001-2010,Positive,Negative
2009,MJJ,0.3,6,2009-06-01,0.1,Neutral,0.0,-0.1,-0.6,-0.7,-0.7,-0.8,-3.05,0.87,Summer,2001-2010,Negative,Positive
2009,JJA,0.5,7,2009-07-01,0.3,Neutral,0.3,0.1,-0.3,-0.4,-0.8,-0.9,-0.92,1.11,Summer,2001-2010,Negative,Positive
2009,JAS,0.6,8,2009-08-01,0.4,Neutral,0.5,0.3,0.0,-0.1,-0.8,-0.8,1.07,-1.59,Summer,2001-2010,Positive,Negative
2009,ASO,0.7,9,2009-09-01,0.6,El Nino,0.6,0.4,0.3,0.1,-0.6,-0.7,-0.63,-1.26,Autumn,2001-2010,Negative,Negative
2009,SON,1.0,10,2009-10-01,0.9,El Nino,0.7,0.6,0.5,0.3,-0.3,-0.4,-1.53,-0.36,Autumn,2001-2010,Negative,Neutral
2009,OND,1.4,11,2009-11-01,1.3,El Nino,1.0,0.9,0.6,0.4,0.0,-0.1,1.68,0.92,Autumn,2001-2010,Positive,Positive
2009,NDJ,1.6,12,2009-12-01,1.6,El Nino,1.4,1.3,0.7,0.6,0.3,0.1,-3.73,0.12,Winter,2001-2010,Negative,Neutral
2010,DJF,1.5,1,2010-01-01,1.5,El Nino,1.6,1.6,1.0,0.9,0.5,0.3,-2.38,-0.19,Winter,2001-2010,Negative,Neutral
2010,JFM,1.2,2,2010-02-01,1.1,El Nino,1.5,1.5,1.4,1.3,0.6,0.4,-3.92,-0.7,Winter,2001-2010,Negative,Negative
2010,FMA,0.8,3,2010-03-01,0.6,El Nino,1.2,1.1,1.6,1.6,0.7,0.6,-0.8,-0.96,Spring,2001-2010,Negative,Negative
2010,MAM,0.4,4,2010-04-01,0.1,Neutral,0.8,0.6,1.5,1.5,1.0,0.9,-1.03,-2.4,Spring,2001-2010,Negative,Negative
2010,AMJ,-0.2,5,2010-05-01,-0.5,La Nina,0.4,0.1,1.2,1.1,1.4,1.3,-1.66,0.97,Spring,2001-2010,Negative,Positive
2010,MJJ,-0.7,6,2010-06-01,-1.0,La Nina,-0.2,-0.5,0.8,0.6,1.6,1.6,-3.65,-0.07,Summer,2001-2010,Negative,Neutral
2010,JJA,-1.0,7,2010-07-01,-1.3,La Nina,-0.7,-1.0,0.4,0.1,1.5,1.5,0.06,-1.65,Summer,2001-2010,Neutral,Negative
2010,JAS,-1.3,8,2010-08-01,-1.5,La Nina,-1.0,-1.3,-0.2,-0.5,1.2,1.1,-2.01,-0.36,Summer,2001-2010,Negative,Neutral
2010,ASO,-1.6,9,2010-09-01,-1.7,La Nina,-1.3,-1.5,-0.7,-1.0,0.8,0.6,-2.38,-0.46,Autumn,2001-2010,Negative,Neutral
2010,SON,-1.6,10,2010-10-01,-1.7,La Nina,-1.6,-1.7,-1.0,-1.3,0.4,0.1,-2.41,-0.91,Autumn,2001-2010,Negative,Negative
2010,OND,-1.6,11,2010-11-01,-1.7,La Nina,-1.6,-1.7,-1.3,-1.5,-0.2,-0.5,-3.34,1.24,Autumn,2001-2010,Negative,Positive
2010,NDJ,-1.5,12,2010-12-01,-1.6,La Nina,-1.6,-1.7,-1.6,-1.7,-0.7,-1.0,-4.61,-0.31,Winter,2001-2010,Negative,Neutral
2011,DJF,-1.3,1,2011-01-01,-1.4,La Nina,-1.5,-1.6,-1.6,-1.7,-1.0,-1.3,-1.38,-0.91,Winter,2011-2020,Negative,Negative
2011,JFM,-1.0,2,2011-02-01,-1.2,La Nina,-1.3,-1.4,-1.6,-1.7,-1.3,-1.5,2.79,0.72,Winter,2011-2020,Positive,Positive
2011,FMA,-0.8,3,2011-03-01,-0.9,La Nina,-1.0,-1.2,-1.5,-1.6,-1.6,-1.7,-0.17,-2.14,Spring,2011-2020,Neutral,Negative
2011,MAM,-0.6,4,2011-04-01,-0.7,La Nina,-0.8,-0.9,-1.3,-1.4,-1.6,-1.7,2.39,-3.08,Spring,2011-2020,Positive,Negative
2011,AMJ,-0.5,5,2011-05-01,-0.5,La Nina,-0.6,-0.7,-1.0,-1.2,-1.6,-1.7,1.08,-1.48,Spring,2011-2020,Positive,Negative
2011,MJJ,-0.4,6,2011-06-01,-0.3,Neutral,-0.5,-0.5,-0.8,-0.9,-1.5,-1.6,-1.58,-0.88,Summer,2011-2020,Negative,Negative
2011,JJA,-0.4,7,2011-07-01,-0.4,Neutral,-0.4,-0.3,-0.6,-0.7,-1.3,-1.4,-3.39,-0.03,Summer,2011-2020,Negative,Neutral
2011,JAS,-0.6,8,2011-08-01,-0.5,La Nina,-0.4,-0.4,-0.5,-0.5,-1.0,-1.2,-2.41,-0.97,Summer,2011-2020,Negative,Negative
2011,ASO,-0.8,9,2011-09-01,-0.7,La Nina,-0.6,-0.5,-0.4,-0.3,-0.8,-0.9,2.97,-0.28,Autumn,2011-2020,Positive,Neutral
2011,SON,-1.0,10,2011-10-01,-0.9,La Nina,-0.8,-0.7,-0.4,-0.4,-0.6,-0.7,1.31,-0.95,Autumn,2011-2020,Positive,Negative
2011,OND,-1.0,11,2011-11-01,-1.0,La Nina,-1.0,-0.9,-0.6,-0.5,-0.5,-0.5,0.74,-2.62,Autumn,2011-2020,Positive,Negative
2011,NDJ,-0.9,12,2011-12-01,-1.0,La Nina,-1.0,-1.0,-0.8,-0.7,-0.4,-0.3,3.2,1.58,Winter,2011-2020,Positive,Positive
2012,DJF,-0.7,1,2012-01-01,-0.8,La Nina,-0.9,-1.0,-1.0,-0.9,-0.4,-0.4,2.05,0.48,Winter,2011-2020,Positive,Neutral
2012,JFM,-0.6,2,2012-02-01,-0.6,La Nina,-0.7,-0.8,-1.0,-1.0,-0.6,-0.5,1.28,0.38,Winter,2011-2020,Positive,Neutral
2012,FMA,-0.5,3,2012-03-01,-0.6,La Nina,-0.6,-0.6,-0.9,-1.0,-0.8,-0.7,1.78,-0.42,Spring,2011-2020,Positive,Neutral
2012,MAM,-0.4,4,2012-04-01,-0.5,La Nina,-0.5,-0.6,-0.7,-0.8,-1.0,-0.9,-2.36,1.28,Spring,2011-2020,Negative,Positive
2012,AMJ,-0.2,5,2012-05-01,-0.3,Neutral,-0.4,-0.5,-0.6,-0.6,-1.0,-1.0,-0.83,-0.41,Spring,2011-2020,Negative,Neutral
2012,MJJ,0.1,6,2012-06-01,0.0,Neutral,-0.2,-0.3,-0.5,-0.6,-0.9,-1.0,-2.58,-0.03,Summer,2011-2020,Negative,Neutral
2012,JJA,0.3,7,2012-07-01,0.3,Neutral,0.1,0.0,-0.4,-0.5,-0.7,-0.8,-1.31,-0.16,Summer,2011-2020,Negative,Neutral
2012,JAS,0.4,8,2012-08-01,0.4,Neutral,0.3,0.3,-0.2,-0.3,-0.6,-0.6,-0.44,-0.58,Summer,2011-2020,Neutral,Negative
2012,ASO,0.4,9,2012-09-01,0.4,Neutral,0.4,0.4,0.1,0.0,-0.5,-0.6,-1.44,-1.53,Autumn,2011-2020,Negative,Negative
2012,SON,0.3,10,2012-10-01,0.2,Neutral,0.4,0.4,0.3,0.3,-0.4,-0.5,-3.21,-0.85,Autumn,2011-2020,Negative,Negative
2012,OND,0.1,11,2012-11-01,-0.1,Neutral,0.3,0.2,0.4,0.4,-0.2,-0.3,-1.11,-0.98,Autumn,2011-2020,Negative,Negative
2012,NDJ,-0.1,12,2012-12-01,-0.4,Neutral,0.1,-0.1,0.4,0.4,0.1,0.0,0.6,1.06,Winter,2011-2020,Positive,Positive
2013,DJF,-0.3,1,2013-01-01,-0.6,La Nina,-0.1,-0.4,0.3,0.2,0.3,0.3,1.08,1.58,Winter,2011-2020,Positive,Positive
2013,JFM,-0.3,2,2013-02-01,-0.6,La Nina,-0.3,-0.6,0.1,-0.1,0.4,0.4,-0.26,1.06,Winter,2011-2020,Neutral,Positive
2013,FMA,-0.2,3,2013-03-01,-0.5,La Nina,-0.3,-0.6,-0.1,-0.4,0.4,0.4,-3.75,-0.81,Spring,2011-2020,Negative,Negative
2013,MAM,-0.2,4,2013-04-01,-0.4,Neutral,-0.2,-0.5,-0.3,-0.6,0.3,0.2,0.03,-0.98,Spring,2011-2020,Neutral,Negative
2013,AMJ,-0.3,5,2013-05-01,-0.4,Neutral,-0.2,-0.4,-0.3,-0.6,0.1,-0.1,1.23,1.9,Spring,2011-2020,Positive,Positive
2013,MJJ,-0.3,6,2013-06-01,-0.4,Neutral,-0.3,-0.4,-0.2,-0.5,-0.1,-0.4,1.4,-0.37,Summer,2011-2020,Positive,Neutral
2013,JJA,-0.4,7,2013-07-01,-0.4,Neutral,-0.3,-0.4,-0.2,-0.4,-0.3,-0.6,2.52,-2.27,Summer,2011-2020,Positive,Negative
2013,JAS,-0.3,8,2013-08-01,-0.3,Neutral,-0.4,-0.4,-0.3,-0.4,-0.3,-0.6,2.16,-1.93,Summer,2011-2020,Positive,Negative
2013,ASO,-0.2,9,2013-09-01,-0.3,Neutral,-0.3,-0.3,-0.3,-0.4,-0.2,-0.5,-0.57,0.03,Autumn,2011-2020,Negative,Neutral
2013,SON,-0.1,10,2013-10-01,-0.2,Neutral,-0.2,-0.3,-0.4,-0.4,-0.2,-0.4,-0.36,-0.64,Autumn,2011-2020,Neutral,Negative
2013,OND,-0.1,11,2013-11-01,-0.2,Neutral,-0.1,-0.2,-0.3,-0.3,-0.3,-0.4,0.04,1.17,Autumn,2011-2020,Neutral,Positive
2013,NDJ,-0.2,12,2013-12-01,-0.3,Neutral,-0.1,-0.2,-0.2,-0.3,-0.3,-0.4,3.54,-0.49,Winter,2011-2020,Positive,Neutral
2014,DJF,-0.3,1,2014-01-01,-0.5,La Nina,-0.2,-0.3,-0.1,-0.2,-0.4,-0.4,0.71,0.41,Winter,2011-2020,Positive,Neutral
2014,JFM,-0.3,2,2014-02-01,-0.5,La Nina,-0.3,-0.5,-0.1,-0.2,-0.3,-0.3,2.32,0.94,Winter,2011-2020,Positive,Positive
2014,FMA,-0.1,3,2014-03-01,-0.3,Neutral,-0.3,-0.5,-0.2,-0.3,-0.2,-0.3,1.64,0.13,Spring,2011-2020,Positive,Neutral
2014,MAM,0.2,4,2014-04-01,0.0,Neutral,-0.1,-0.3,-0.3,-0.5,-0.1,-0.2,0.84,-0.05,Spring,2011-2020,Positive,Neutral
2014,AMJ,0.3,5,2014-05-01,0.1,Neutral,0.2,0.0,-0.3,-0.5,-0.1,-0.2,-0.08,-1.13,Spring,2011-2020,Neutral,Negative
2014,MJJ,0.2,6,2014-06-01,0.0,Neutral,0.3,0.1,-0.1,-0.3,-0.2,-0.3,-1.98,-0.89,Summer,2011-2020,Negative,Negative
2014,JJA,0.1,7,2014-07-01,-0.1,Neutral,0.2,0.0,0.2,0.0,-0.3,-0.5,0.91,0.18,Summer,2011-2020,Positive,Neutral
2014,JAS,0.1,8,2014-08-01,-0.1,Neutral,0.1,-0.1,0.3,0.1,-0.3,-0.5,-1.14,-0.14,Summer,2011-2020,Negative,Neutral
2014,ASO,0.3,9,2014-09-01,0.1,Neutral,0.1,-0.1,0.2,0.0,-0.1,-0.3,-2.1,-1.56,Autumn,2011-2020,Negative,Negative
2014,SON,0.5,10,2014-10-01,0.4,Neutral,0.3,0.1,0.1,-0.1,0.2,0.0,0.31,-0.87,Autumn,2011-2020,Neutral,Negative
2014,OND,0.7,11,2014-11-01,0.5,El Nino,0.5,0.4,0.1,-0.1,0.3,0.1,-2.17,-2.18,Autumn,2011-2020,Negative,Negative
2014,NDJ,0.8,12,2014-12-01,0.6,El Nino,0.7,0.5,0.3,0.1,0.2,0.0,1.89,0.6,Winter,2011-2020,Positive,Positive
2015,DJF,0.7,1,2015-01-01,0.5,El Nino,0.8,0.6,0.5,0.4,0.1,-0.1,2.81,1.04,Winter,2011-2020,Positive,Positive
2015,JFM,0.6,2,2015-02-01,0.4,Neutral,0.7,0.5,0.7,0.5,0.1,-0.1,1.47,0.75,Winter,2011-2020,Positive,Positive
2015,FMA,0.7,3,2015-03-01,0.5,El Nino,0.6,0.4,0.8,0.6,0.3,0.1,1.99,-0.53,Spring,2011-2020,Positive,Negative
2015,MAM,0.8,4,2015-04-01,0.6,El Nino,0.7,0.5,0.7,0.5,0.5,0.4,1.03,-1.15,Spring,2011-2020,Positive,Negative
2015,AMJ,1.0,5,2015-05-01,0.8,El Nino,0.8,0.6,0.6,0.4,0.7,0.5,2.09,0.11,Spring,2011-2020,Positive,Neutral
2015,MJJ,1.3,6,2015-06-01,1.0,El Nino,1.0,0.8,0.7,0.5,0.8,0.6,0.28,-1.73,Summer,2011-2020,Neutral,Negative
2015,JJA,1.6,7,2015-07-01,1.3,El Nino,1.3,1.0,0.8,0.6,0.7,0.5,-2.16,-1.18,Summer,2011-2020,Negative,Negative
2015,JAS,1.9,8,2015-08-01,1.6,El Nino,1.6,1.3,1.0,0.8,0.6,0.4,1.47,-1.2,Summer,2011-2020,Positive,Negative
2015,ASO,2.2,9,2015-09-01,1.9,El Nino,1.9,1.6,1.3,1.0,0.7,0.5,-1.65,-0.71,Autumn,2011-2020,Negative,Negative
2015,SON,2.5,10,2015-10-01,2.2,El Nino,2.2,1.9,1.6,1.3,0.8,0.6,-1.13,-1.2,Autumn,2011-2020,Negative,Negative
2015,OND,2.6,11,2015-11-01,2.3,El Nino,2.5,2.2,1.9,1.6,1.0,0.8,3.54,0.85,Autumn,2011-2020,Positive,Positive
2015,NDJ,2.8,12,2015-12-01,2.4,El Nino,2.6,2.3,2.2,1.9,1.3,1.0,4.22,-1.19,Winter,2011-2020,Positive,Negative
2016,DJF,2.6,1,2016-01-01,2.2,El Nino,2.8,2.4,2.5,2.2,1.6,1.3,1.17,0.94,Winter,2011-2020,Positive,Positive
2016,JFM,2.3,2,2016-02-01,1.8,El Nino,2.6,2.2,2.6,2.3,1.9,1.6,1.61,1.37,Winter,2011-2020,Positive,Positive
2016,FMA,1.7,3,2016-03-01,1.3,El Nino,2.3,1.8,2.8,2.4,2.2,1.9,0.33,0.69,Spring,2011-2020,Neutral,Positive
2016,MAM,1.0,4,2016-04-01,0.5,El Nino,1.7,1.3,2.6,2.2,2.5,2.2,-2.06,-0.63,Spring,2011-2020,Negative,Negative
2016,AMJ,0.5,5,2016-05-01,-0.1,Neutral,1.0,0.5,2.3,1.8,2.6,2.3,-0.83,-0.82,Spring,2011-2020,Negative,Negative
2016,MJJ,0.0,6,2016-06-01,-0.6,La Nina,0.5,-0.1,1.7,1.3,2.8,2.4,-1.27,-0.21,Summer,2011-2020,Negative,Neutral
2016,JJA,-0.3,7,2016-07-01,-0.9,La Nina,0.0,-0.6,1.0,0.5,2.6,2.2,2.19,-1.68,Summer,2011-2020,Positive,Negative
2016,JAS,-0.5,8,2016-08-01,-1.0,La Nina,-0.3,-0.9,0.5,-0.1,2.3,1.8,2.14,-2.34,Summer,2011-2020,Positive,Negative
2016,ASO,-0.6,9,2016-09-01,-1.1,La Nina,-0.5,-1.0,0.0,-0.6,1.7,1.3,2.45,0.02,Autumn,2011-2020,Positive,Neutral
2016,SON,-0.6,10,2016-10-01,-1.1,La Nina,-0.6,-1.1,-0.3,-0.9,1.0,0.5,-1.47,-1.8,Autumn,2011-2020,Negative,Negative
2016,OND,-0.6,11,2016-11-01,-1.1,La Nina,-0.6,-1.1,-0.5,-1.0,0.5,-0.1,-1.61,-0.96,Autumn,2011-2020,Negative,Negative
2016,NDJ,-0.5,12,2016-12-01,-1.0,La Nina,-0.6,-1.1,-0.6,-1.1,0.0,-0.6,2.1,-1.54,Winter,2011-2020,Positive,Negative
2017,DJF,-0.2,1,2017-01-01,-0.7,La Nina,-0.5,-1.0,-0.6,-1.1,-0.3,-0.9,0.17,-0.5,Winter,2011-2020,Neutral,Negative
2017,JFM,0.0,2,2017-02-01,-0.5,La Nina,-0.2,-0.7,-0.6,-1.1,-0.5,-1.0,1.38,-0.74,Winter,2011-2020,Positive,Negative
2017,FMA,0.2,3,2017-03-01,-0.3,Neutral,0.0,-0.5,-0.5,-1.0,-0.6,-1.1,1.05,-0.01,Spring,2011-2020,Positive,Neutral
2017,MAM,0.3,4,2017-04-01,-0.1,Neutral,0.2,-0.3,-0.2,-0.7,-0.6,-1.1,1.5,-1.15,Spring,2011-2020,Positive,Negative
2017,AMJ,0.4,5,2017-05-01,0.1,Neutral,0.3,-0.1,0.0,-0.5,-0.6,-1.1,0.38,-1.86,Spring,2011-2020,Neutral,Negative
2017,MJJ,0.4,6,2017-06-01,0.1,Neutral,0.4,0.1,0.2,-0.3,-0.5,-1.0,-0.55,-1.34,Summer,2011-2020,Negative,Negative
2017,JJA,0.2,7,2017-07-01,-0.2,Neutral,0.4,0.1,0.3,-0.1,-0.2,-0.7,0.1,-1.27,Summer,2011-2020,Neutral,Negative
2017,JAS,-0.1,8,2017-08-01,-0.5,La Nina,0.2,-0.2,0.4,0.1,0.0,-0.5,-0.04,-1.89,Summer,2011-2020,Neutral,Negative
2017,ASO,-0.3,9,2017-09-01,-0.7,La Nina,-0.1,-0.5,0.4,0.1,0.2,-0.3,1.42,0.74,Autumn,2011-2020,Positive,Positive
2017,SON,-0.6,10,2017-10-01,-1.0,La Nina,-0.3,-0.7,0.2,-0.2,0.3,-0.1,1.36,0.82,Autumn,2011-2020,Positive,Positive
2017,OND,-0.8,11,2017-11-01,-1.1,La Nina,-0.6,-1.0,-0.1,-0.5,0.4,0.1,-0.9,0.65,Autumn,2011-2020,Negative,Positive
2017,NDJ,-0.9,12,2017-12-01,-1.3,La Nina,-0.8,-1.1,-0.3,-0.7,0.4,0.1,1.0,1.48,Winter,2011-2020,Positive,Positive
2018,DJF,-0.8,1,2018-01-01,-1.1,La Nina,-0.9,-1.3,-0.6,-1.0,0.2,-0.2,1.82,0.62,Winter,2011-2020,Positive,Positive
2018,JFM,-0.7,2,2018-02-01,-1.0,La Nina,-0.8,-1.1,-0.8,-1.1,-0.1,-0.5,-0.1,-0.31,Winter,2011-2020,Neutral,Neutral
2018,FMA,-0.6,3,2018-03-01,-0.9,La Nina,-0.7,-1.0,-0.9,-1.3,-0.3,-0.7,-1.12,0.83,Spring,2011-2020,Negative,Positive
2018,MAM,-0.4,4,2018-04-01,-0.7,La Nina,-0.6,-0.9,-0.8,-1.1,-0.6,-1.0,2.37,-1.72,Spring,2011-2020,Positive,Negative
2018,AMJ,-0.1,5,2018-05-01,-0.3,Neutral,-0.4,-0.7,-0.7,-1.0,-0.8,-1.1,2.01,-0.14,Spring,2011-2020,Positive,Neutral
2018,MJJ,0.1,6,2018-06-01,0.0,Neutral,-0.1,-0.3,-0.6,-0.9,-0.9,-1.3,-1.4,0.42,Summer,2011-2020,Negative,Neutral
2018,JJA,0.1,7,2018-07-01,0.1,Neutral,0.1,0.0,-0.4,-0.7,-0.8,-1.1,3.83,1.79,Summer,2011-2020,Positive,Positive
2018,JAS,0.3,8,2018-08-01,0.2,Neutral,0.1,0.1,-0.1,-0.3,-0.7,-1.0,1.26,-1.09,Summer,2011-2020,Positive,Negative
2018,ASO,0.5,9,2018-09-01,0.4,Neutral,0.3,0.2,0.1,0.0,-0.6,-0.9,0.45,-0.64,Autumn,2011-2020,Neutral,Negative
2018,SON,0.8,10,2018-10-01,0.7,El Nino,0.5,0.4,0.1,0.1,-0.4,-0.7,-1.17,-1.64,Autumn,2011-2020,Negative,Negative
2018,OND,1.0,11,2018-11-01,0.8,El Nino,0.8,0.7,0.3,0.2,-0.1,-0.3,-1.28,-1.12,Autumn,2011-2020,Negative,Negative
2018,NDJ,0.9,12,2018-12-01,0.7,El Nino,1.0,0.8,0.5,0.4,0.1,0.0,1.93,0.69,Winter,2011-2020,Positive,Positive
2019,DJF,0.9,1,2019-01-01,0.6,El Nino,0.9,0.7,0.8,0.7,0.1,0.1,-0.36,1.32,Winter,2011-2020,Neutral,Positive
2019,JFM,0.9,2,2019-02-01,0.6,El Nino,0.9,0.6,1.0,0.8,0.3,0.2,1.9,-0.08,Winter,2011-2020,Positive,Neutral
2019,FMA,0.8,3,2019-03-01,0.6,El Nino,0.9,0.6,0.9,0.7,0.5,0.4,2.39,0.36,Spring,2011-2020,Positive,Neutral
2019,MAM,0.8,4,2019-04-01,0.5,El Nino,0.8,0.6,0.9,0.6,0.8,0.7,1.7,-0.87,Spring,2011-2020,Positive,Negative
2019,AMJ,0.6,5,2019-05-01,0.3,Neutral,0.8,0.5,0.9,0.6,1.0,0.8,2.05,-0.12,Spring,2011-2020,Positive,Neutral
2019,MJJ,0.5,6,2019-06-01,0.2,Neutral,0.6,0.3,0.8,0.6,0.9,0.7,-2.82,-1.06,Summer,2011-2020,Negative,Negative
2019,JJA,0.3,7,2019-07-01,0.0,Neutral,0.5,0.2,0.8,0.5,0.9,0.6,-2.79,-0.39,Summer,2011-2020,Negative,Neutral
2019,JAS,0.2,8,2019-08-01,-0.1,Neutral,0.3,0.0,0.6,0.3,0.9,0.6,0.1,-0.93,Summer,2011-2020,Neutral,Negative
2019,ASO,0.2,9,2019-09-01,0.0,Neutral,0.2,-0.1,0.5,0.2,0.8,0.6,-0.32,-0.56,Autumn,2011-2020,Neutral,Negative
2019,SON,0.4,10,2019-10-01,0.1,Neutral,0.2,0.0,0.3,0.0,0.8,0.5,-1.11,0.27,Autumn,2011-2020,Negative,Neutral
2019,OND,0.6,11,2019-11-01,0.2,Neutral,0.4,0.1,0.2,-0.1,0.6,0.3,-1.84,2.36,Autumn,2011-2020,Negative,Positive
2019,NDJ,0.7,12,2019-12-01,0.2,Neutral,0.6,0.2,0.2,0.0,0.5,0.2,0.74,0.5,Winter,2011-2020,Positive,Positive
2020,DJF,0.6,1,2020-01-01,0.1,Neutral,0.7,0.2,0.4,0.1,0.3,0.0,3.11,-0.52,Winter,2011-2020,Positive,Negative
2020,JFM,0.6,2,2020-02-01,0.1,Neutral,0.6,0.1,0.6,0.2,0.2,-0.1,4.7,1.18,Winter,2011-2020,Positive,Positive
2020,FMA,0.5,3,2020-03-01,0.0,Neutral,0.6,0.1,0.7,0.2,0.2,0.0,0.36,-0.6,Spring,2011-2020,Neutral,Negative
2020,MAM,0.3,4,2020-04-01,-0.3,Neutral,0.5,0.0,0.6,0.1,0.4,0.1,-0.71,-1.78,Spring,2011-2020,Negative,Negative
2020,AMJ,0.0,5,2020-05-01,-0.6,La Nina,0.3,-0.3,0.6,0.1,0.6,0.2,-0.09,-1.19,Spring,2011-2020,Neutral,Negative
2020,MJJ,-0.2,6,2020-06-01,-0.8,La Nina,0.0,-0.6,0.5,0.0,0.7,0.2,-1.52,1.42,Summer,2011-2020,Negative,Positive
2020,JJA,-0.4,7,2020-07-01,-0.8,La Nina,-0.2,-0.8,0.3,-0.3,0.6,0.1,-1.23,-2.54,Summer,2011-2020,Negative,Negative
2020,JAS,-0.5,8,2020-08-01,-0.9,La Nina,-0.4,-0.8,0.0,-0.6,0.6,0.1,-1.36,0.17,Summer,2011-2020,Negative,Neutral
2020,ASO,-0.8,9,2020-09-01,-1.2,La Nina,-0.5,-0.9,-0.2,-0.8,0.5,0.0,0.49,0.09,Autumn,2011-2020,Neutral,Neutral
2020,SON,-1.1,10,2020-10-01,-1.5,La Nina,-0.8,-1.2,-0.4,-0.8,0.3,-0.3,-0.19,1.78,Autumn,2011-2020,Neutral,Positive
2020,OND,-1.2,11,2020-11-01,-1.5,La Nina,-1.1,-1.5,-0.5,-0.9,0.0,-0.6,1.25,-1.91,Autumn,2011-2020,Positive,Negative
2020,NDJ,-1.1,12,2020-12-01,-1.4,La Nina,-1.2,-1.5,-0.8,-1.2,-0.2,-0.8,-0.78,1.13,Winter,2011-2020,Negative,Positive
